symbol,date
AJINF,2023-12-05
RAC.AX,2023-12-08
REXR,2023-12-08
4248.T,2023-12-08
600936.SS,2023-12-08
CAMLINFINE.NS,2023-12-08
FINGF,2023-12-08
CPFXF,2023-12-08
CNNA,2023-12-08
LMNR,2023-12-08
JPFA.JK,2023-12-08
300368.SZ,2023-12-08
CPD.WA,2023-12-08
090350.KS,2023-12-08
002223.SZ,2023-12-08
ARYN.SW,2023-12-08
FROTO.IS,2023-12-08
GPIL.NS,2023-12-08
LSTR,2023-12-08
MTX,2023-12-08
USCTU,2023-12-08
AMIN.JK,2023-12-08
BRAC,2023-12-08
GBGPF,2023-11-28
GRVI,2023-12-08
EXRO.TO,2023-12-08
UMGNF,2023-12-08
PRU.DE,2023-12-08
FDUSZ,2023-12-08
CNBN,2023-12-06
STEELCAS.NS,2023-12-08
ICDSLTD.NS,2023-12-08
RATCH-R.BK,2023-12-08
BRLIU,2023-12-08
CAMS.NS,2023-12-08
MNGG,2023-12-08
RFLFF,2023-11-03
RVVTF,2023-12-08
EXPI,2023-12-08
CKISF,2023-12-07
WRTBF,2023-12-08
1370.HK,2023-12-08
PHN.MI,2023-12-08
300546.SZ,2023-12-08
LOV.AX,2023-12-08
STBI,2023-12-08
NTST,2023-12-08
